From ,To,Profile
Kipling,Paul&Shark,"Chinese, M, less35yrs"
Kipling,Paul&Shark,"Chinese, M, less35yrs"
Kipling,Guardian ,"Chinese, M, less35yrs"
Kipling,Wang Café,"Chinese, M, less35yrs"
Kipling,Wang Café,"Chinese, M, less35yrs"
Kipling,Wang Café,"Chinese, M, less35yrs"
Kipling,Swimming Pool,"Chinese, M, less35yrs"
Kipling,Swimming Pool,"Chinese, M, less35yrs"
Paul&Shark,Swimming Pool,"Chinese, M, less35yrs"
Paul&Shark,Sky View Lounge,"Chinese, M, less35yrs"
Paul&Shark,Sky View Lounge,"Chinese, M, less35yrs"
Paul&Shark,Wang Café,"Chinese, M, less35yrs"
Guardian ,The Green Market Express,"Chinese, M, less35yrs"
Guardian ,The Green Market Express,"Chinese, M, less35yrs"
Guardian ,Quantas Singapore Lounge,"Chinese, M, less35yrs"
Wang Café,Quantas Singapore Lounge,"Chinese, M, less35yrs"
Wang Café,Sky View Lounge,"Chinese, M, less35yrs"
Wang Café,Sky View Lounge,"Chinese, M, less35yrs"
Swimming Pool,Pacific Coffee Company,"Chinese, M, less35yrs"
Swimming Pool,Pacific Coffee Company,"Chinese, M, less35yrs"
Swimming Pool,Pacific Coffee Company,"Chinese, M, less35yrs"
Swimming Pool,The Green Market Express,"Chinese, M, less35yrs"
Swimming Pool,Guardian ,"Chinese, M, less35yrs"
Sky View Lounge,Wang Café,"Chinese, M, less35yrs"
Sky View Lounge,Wang Café,"Chinese, M, less35yrs"
Sky View Lounge,Quantas Singapore Lounge,"Chinese, M, less35yrs"
Sky View Lounge,Quantas Singapore Lounge,"Chinese, M, less35yrs"
Quantas Singapore Lounge,Pacific Coffee Company,"Chinese, M, less35yrs"
Quantas Singapore Lounge,Pacific Coffee Company,"Chinese, M, less35yrs"
Quantas Singapore Lounge,The Green Market Express,"Chinese, M, less35yrs"
Pacific Coffee Company,Wang Café,"Chinese, M, less35yrs"
Pacific Coffee Company,Kipling,"Chinese, M, less35yrs"
Pacific Coffee Company,Kipling,"Chinese, M, less35yrs"
The Green Market Express,Kipling,"Chinese, M, less35yrs"
The Green Market Express,Swimming Pool,"Chinese, M, less35yrs"
The Green Market Express,Swimming Pool,"Chinese, M, less35yrs"
Bee Cheng Hiang,Quantas Singapore Lounge,"Chinese, M, 35-64yrs"
Bee Cheng Hiang,Quantas Singapore Lounge,"Chinese, M, 35-64yrs"
Bee Cheng Hiang,Sushi Burrito,"Chinese, M, 35-64yrs"
Bee Cheng Hiang,Montblanc,"Chinese, M, 35-64yrs"
Bee Cheng Hiang,Montblanc,"Chinese, M, 35-64yrs"
Bee Cheng Hiang,Montblanc,"Chinese, M, 35-64yrs"
Bee Cheng Hiang,Montblanc,"Chinese, M, 35-64yrs"
Bee Cheng Hiang,Kids World,"Chinese, M, 35-64yrs"
Montblanc,Cactus Garden,"Chinese, M, 35-64yrs"
Montblanc,Cactus Garden,"Chinese, M, 35-64yrs"
Montblanc,Cactus Garden,"Chinese, M, 35-64yrs"
Montblanc,Paul&Shark,"Chinese, M, 35-64yrs"
Sushi Burrito,Montblanc,"Chinese, M, 35-64yrs"
Sushi Burrito,Montblanc,"Chinese, M, 35-64yrs"
Sushi Burrito,Cactus Garden,"Chinese, M, 35-64yrs"
Quantas Singapore Lounge,Sky View Lounge,"Chinese, M, 35-64yrs"
Quantas Singapore Lounge,Sky View Lounge,"Chinese, M, 35-64yrs"
Quantas Singapore Lounge,Bengawan Solo,"Chinese, M, 35-64yrs"
Kids World,Cactus Garden,"Chinese, M, 35-64yrs"
Kids World,Cactus Garden,"Chinese, M, 35-64yrs"
Kids World,Paul&Shark,"Chinese, M, 35-64yrs"
Paul&Shark,Sky View Lounge,"Chinese, M, 35-64yrs"
Paul&Shark,Sky View Lounge,"Chinese, M, 35-64yrs"
Paul&Shark,Bengawan Solo,"Chinese, M, 35-64yrs"
Cactus Garden,Paul&Shark,"Chinese, M, 35-64yrs"
Cactus Garden,Paul&Shark,"Chinese, M, 35-64yrs"
Cactus Garden,Kids World,"Chinese, M, 35-64yrs"
Cactus Garden,Bengawan Solo,"Chinese, M, 35-64yrs"
Sky View Lounge,Bengawan Solo,"Chinese, M, 35-64yrs"
Sky View Lounge,Cactus Garden,"Chinese, M, 35-64yrs"
Sky View Lounge,Cactus Garden,"Chinese, M, 35-64yrs"
Bengawan Solo,Sushi Burrito,"Chinese, M, 35-64yrs"
Bengawan Solo,Sushi Burrito,"Chinese, M, 35-64yrs"
Bengawan Solo,Kids World,"Chinese, M, 35-64yrs"
DFS Duty Free,Shilla Cosmetics,"Chinese, M, more64yrs"
DFS Duty Free,Shilla Cosmetics,"Chinese, M, more64yrs"
DFS Duty Free,Discover Singapore,"Chinese, M, more64yrs"
DFS Duty Free,Wang Café,"Chinese, M, more64yrs"
DFS Duty Free,Wang Café,"Chinese, M, more64yrs"
DFS Duty Free,Wang Café,"Chinese, M, more64yrs"
DFS Duty Free,Plaza Premium Lounge,"Chinese, M, more64yrs"
DFS Duty Free,Plaza Premium Lounge,"Chinese, M, more64yrs"
Shilla Cosmetics,Plaza Premium Lounge,"Chinese, M, more64yrs"
Shilla Cosmetics,SATS Premier Lounge,"Chinese, M, more64yrs"
Shilla Cosmetics,SATS Premier Lounge,"Chinese, M, more64yrs"
Shilla Cosmetics,Wang Café,"Chinese, M, more64yrs"
Discover Singapore,The Green Market Express,"Chinese, M, more64yrs"
Discover Singapore,The Green Market Express,"Chinese, M, more64yrs"
Discover Singapore,Cactus Garden,"Chinese, M, more64yrs"
Wang Café,Cactus Garden,"Chinese, M, more64yrs"
Wang Café,SATS Premier Lounge,"Chinese, M, more64yrs"
Wang Café,SATS Premier Lounge,"Chinese, M, more64yrs"
Plaza Premium Lounge,Pacific Coffee Company,"Chinese, M, more64yrs"
Plaza Premium Lounge,Pacific Coffee Company,"Chinese, M, more64yrs"
Plaza Premium Lounge,Pacific Coffee Company,"Chinese, M, more64yrs"
Plaza Premium Lounge,The Green Market Express,"Chinese, M, more64yrs"
Plaza Premium Lounge,Discover Singapore,"Chinese, M, more64yrs"
SATS Premier Lounge,Wang Café,"Chinese, M, more64yrs"
SATS Premier Lounge,Wang Café,"Chinese, M, more64yrs"
SATS Premier Lounge,Cactus Garden,"Chinese, M, more64yrs"
SATS Premier Lounge,Cactus Garden,"Chinese, M, more64yrs"
Cactus Garden,Pacific Coffee Company,"Chinese, M, more64yrs"
Cactus Garden,Pacific Coffee Company,"Chinese, M, more64yrs"
Cactus Garden,The Green Market Express,"Chinese, M, more64yrs"
Pacific Coffee Company,Wang Café,"Chinese, M, more64yrs"
Pacific Coffee Company,DFS Duty Free,"Chinese, M, more64yrs"
Pacific Coffee Company,DFS Duty Free,"Chinese, M, more64yrs"
The Green Market Express,DFS Duty Free,"Chinese, M, more64yrs"
The Green Market Express,Plaza Premium Lounge,"Chinese, M, more64yrs"
The Green Market Express,Plaza Premium Lounge,"Chinese, M, more64yrs"
Food Gallery,Quantas Singapore Lounge,"Chinese, F, less35yrs"
Food Gallery,Quantas Singapore Lounge,"Chinese, F, less35yrs"
Food Gallery,The Coffee Bean & Tea Leaf,"Chinese, F, less35yrs"
Food Gallery,Kids World,"Chinese, F, less35yrs"
Food Gallery,Kids World,"Chinese, F, less35yrs"
Food Gallery,Kids World,"Chinese, F, less35yrs"
Food Gallery,Kids World,"Chinese, F, less35yrs"
Food Gallery,Shilla Cosmetics,"Chinese, F, less35yrs"
Kids World,Swimming Pool,"Chinese, F, less35yrs"
Kids World,Swimming Pool,"Chinese, F, less35yrs"
Kids World,Swimming Pool,"Chinese, F, less35yrs"
Kids World,Sunglass Hut,"Chinese, F, less35yrs"
The Coffee Bean & Tea Leaf,Kids World,"Chinese, F, less35yrs"
The Coffee Bean & Tea Leaf,Kids World,"Chinese, F, less35yrs"
The Coffee Bean & Tea Leaf,Swimming Pool,"Chinese, F, less35yrs"
Quantas Singapore Lounge,Sky View Lounge,"Chinese, F, less35yrs"
Quantas Singapore Lounge,Sky View Lounge,"Chinese, F, less35yrs"
Quantas Singapore Lounge,Bee Cheng Hiang,"Chinese, F, less35yrs"
Shilla Cosmetics,Swimming Pool,"Chinese, F, less35yrs"
Shilla Cosmetics,Swimming Pool,"Chinese, F, less35yrs"
Shilla Cosmetics,Sunglass Hut,"Chinese, F, less35yrs"
Sunglass Hut,Sky View Lounge,"Chinese, F, less35yrs"
Sunglass Hut,Sky View Lounge,"Chinese, F, less35yrs"
Sunglass Hut,Bee Cheng Hiang,"Chinese, F, less35yrs"
Swimming Pool,Sunglass Hut,"Chinese, F, less35yrs"
Swimming Pool,Sunglass Hut,"Chinese, F, less35yrs"
Swimming Pool,Shilla Cosmetics,"Chinese, F, less35yrs"
Swimming Pool,Bee Cheng Hiang,"Chinese, F, less35yrs"
Sky View Lounge,Bee Cheng Hiang,"Chinese, F, less35yrs"
Sky View Lounge,Swimming Pool,"Chinese, F, less35yrs"
Sky View Lounge,Swimming Pool,"Chinese, F, less35yrs"
Bee Cheng Hiang,The Coffee Bean & Tea Leaf,"Chinese, F, less35yrs"
Bee Cheng Hiang,The Coffee Bean & Tea Leaf,"Chinese, F, less35yrs"
Bee Cheng Hiang,Shilla Cosmetics,"Chinese, F, less35yrs"
Plaza Premium Lounge,SATS Premier Lounge,"Chinese, F, more64yrs"
Plaza Premium Lounge,SATS Premier Lounge,"Chinese, F, more64yrs"
Plaza Premium Lounge,SATS Premier Lounge,"Chinese, F, more64yrs"
Plaza Premium Lounge,Cactus Garden,"Chinese, F, more64yrs"
Plaza Premium Lounge,DFS Duty Free,"Chinese, F, more64yrs"
Plaza Premium Lounge,DFS Duty Free,"Chinese, F, more64yrs"
Plaza Premium Lounge,Bengawan Solo,"Chinese, F, more64yrs"
Plaza Premium Lounge,Discover Singapore,"Chinese, F, more64yrs"
Cactus Garden,Bee Cheng Hiang,"Chinese, F, more64yrs"
Cactus Garden,Bee Cheng Hiang,"Chinese, F, more64yrs"
Cactus Garden,Guardian ,"Chinese, F, more64yrs"
SATS Premier Lounge,Bee Cheng Hiang,"Chinese, F, more64yrs"
SATS Premier Lounge,Wang Café,"Chinese, F, more64yrs"
SATS Premier Lounge,Wang Café,"Chinese, F, more64yrs"
SATS Premier Lounge,Guardian ,"Chinese, F, more64yrs"
DFS Duty Free,Bee Cheng Hiang,"Chinese, F, more64yrs"
DFS Duty Free,Bee Cheng Hiang,"Chinese, F, more64yrs"
DFS Duty Free,Bengawan Solo,"Chinese, F, more64yrs"
Discover Singapore,DFS Duty Free,"Chinese, F, more64yrs"
Discover Singapore,DFS Duty Free,"Chinese, F, more64yrs"
Discover Singapore,Wang Café,"Chinese, F, more64yrs"
Guardian ,DFS Duty Free,"Chinese, F, more64yrs"
Guardian ,DFS Duty Free,"Chinese, F, more64yrs"
Guardian ,Bee Cheng Hiang,"Chinese, F, more64yrs"
Bengawan Solo,Bee Cheng Hiang,"Chinese, F, more64yrs"
Bengawan Solo,Discover Singapore,"Chinese, F, more64yrs"
Bengawan Solo,Discover Singapore,"Chinese, F, more64yrs"
Bee Cheng Hiang,DFS Duty Free,"Chinese, F, more64yrs"
Bee Cheng Hiang,DFS Duty Free,"Chinese, F, more64yrs"
Bee Cheng Hiang,Wang Café,"Chinese, F, more64yrs"
Bee Cheng Hiang,Discover Singapore,"Chinese, F, more64yrs"
Wang Café,Guardian ,"Chinese, F, more64yrs"
Wang Café,Cactus Garden,"Chinese, F, more64yrs"
Wang Café,Cactus Garden,"Chinese, F, more64yrs"
Quantas Singapore Lounge,Cactus Garden,"Chinese, F, 35-64yrs"
Quantas Singapore Lounge,Cactus Garden,"Chinese, F, 35-64yrs"
Quantas Singapore Lounge,Cactus Garden,"Chinese, F, 35-64yrs"
Quantas Singapore Lounge,Sky View Lounge,"Chinese, F, 35-64yrs"
Quantas Singapore Lounge,Shilla Cosmetics,"Chinese, F, 35-64yrs"
Quantas Singapore Lounge,Shilla Cosmetics,"Chinese, F, 35-64yrs"
Quantas Singapore Lounge,The Coffee Bean & Tea Leaf,"Chinese, F, 35-64yrs"
Quantas Singapore Lounge,Sunglass Hut,"Chinese, F, 35-64yrs"
Sky View Lounge,Killney Kopitiam,"Chinese, F, 35-64yrs"
Sky View Lounge,Killney Kopitiam,"Chinese, F, 35-64yrs"
Sky View Lounge,Relay,"Chinese, F, 35-64yrs"
Cactus Garden,Killney Kopitiam,"Chinese, F, 35-64yrs"
Cactus Garden,Sushi Burrito,"Chinese, F, 35-64yrs"
Cactus Garden,Sushi Burrito,"Chinese, F, 35-64yrs"
Cactus Garden,Relay,"Chinese, F, 35-64yrs"
Shilla Cosmetics,Killney Kopitiam,"Chinese, F, 35-64yrs"
Shilla Cosmetics,Killney Kopitiam,"Chinese, F, 35-64yrs"
Shilla Cosmetics,The Coffee Bean & Tea Leaf,"Chinese, F, 35-64yrs"
Sunglass Hut,Shilla Cosmetics,"Chinese, F, 35-64yrs"
Sunglass Hut,Shilla Cosmetics,"Chinese, F, 35-64yrs"
Sunglass Hut,Sushi Burrito,"Chinese, F, 35-64yrs"
Relay,Shilla Cosmetics,"Chinese, F, 35-64yrs"
Relay,Shilla Cosmetics,"Chinese, F, 35-64yrs"
Relay,Killney Kopitiam,"Chinese, F, 35-64yrs"
The Coffee Bean & Tea Leaf,Killney Kopitiam,"Chinese, F, 35-64yrs"
The Coffee Bean & Tea Leaf,Sunglass Hut,"Chinese, F, 35-64yrs"
The Coffee Bean & Tea Leaf,Sunglass Hut,"Chinese, F, 35-64yrs"
Killney Kopitiam,Shilla Cosmetics,"Chinese, F, 35-64yrs"
Killney Kopitiam,Shilla Cosmetics,"Chinese, F, 35-64yrs"
Killney Kopitiam,Sushi Burrito,"Chinese, F, 35-64yrs"
Killney Kopitiam,Sunglass Hut,"Chinese, F, 35-64yrs"
Sushi Burrito,Relay,"Chinese, F, 35-64yrs"
Sushi Burrito,Sky View Lounge,"Chinese, F, 35-64yrs"
Sushi Burrito,Sky View Lounge,"Chinese, F, 35-64yrs"
Plaza Premium Lounge,Killney Kopitiam,"Indonesian, M, less35yrs"
Plaza Premium Lounge,Killney Kopitiam,"Indonesian, M, less35yrs"
Plaza Premium Lounge,Kipling,"Indonesian, M, less35yrs"
Plaza Premium Lounge,Bengawan Solo,"Indonesian, M, less35yrs"
Plaza Premium Lounge,Bengawan Solo,"Indonesian, M, less35yrs"
Plaza Premium Lounge,Wang Café,"Indonesian, M, less35yrs"
Plaza Premium Lounge,Paul&Shark,"Indonesian, M, less35yrs"
Killney Kopitiam,Cactus Garden,"Indonesian, M, less35yrs"
Killney Kopitiam,Cactus Garden,"Indonesian, M, less35yrs"
Killney Kopitiam,Sky View Lounge,"Indonesian, M, less35yrs"
Killney Kopitiam,Paul&Shark,"Indonesian, M, less35yrs"
Bengawan Solo,Paul&Shark,"Indonesian, M, less35yrs"
Bengawan Solo,Paul&Shark,"Indonesian, M, less35yrs"
Bengawan Solo,Giordano,"Indonesian, M, less35yrs"
Paul&Shark,Wang Café,"Indonesian, M, less35yrs"
Paul&Shark,Kipling,"Indonesian, M, less35yrs"
Paul&Shark,Kipling,"Indonesian, M, less35yrs"
Kipling,Paul&Shark,"Indonesian, M, less35yrs"
Kipling,Paul&Shark,"Indonesian, M, less35yrs"
Kipling,Sky View Lounge,"Indonesian, M, less35yrs"
Giordano,Cactus Garden,"Indonesian, M, less35yrs"
Giordano,Kipling,"Indonesian, M, less35yrs"
Giordano,Kipling,"Indonesian, M, less35yrs"
Cactus Garden,Giordano,"Indonesian, M, less35yrs"
Cactus Garden,Giordano,"Indonesian, M, less35yrs"
Cactus Garden,Kipling,"Indonesian, M, less35yrs"
Sky View Lounge,Bengawan Solo,"Indonesian, M, less35yrs"
Sky View Lounge,Bengawan Solo,"Indonesian, M, less35yrs"
Sky View Lounge,Giordano,"Indonesian, M, less35yrs"
Wang Café,Killney Kopitiam,"Indonesian, M, less35yrs"
Wang Café,Killney Kopitiam,"Indonesian, M, less35yrs"
Wang Café,Giordano,"Indonesian, M, less35yrs"
Quantas Singapore Lounge,Sushi Burrito,"Indonesian, F, less35yrs"
Quantas Singapore Lounge,Sushi Burrito,"Indonesian, F, less35yrs"
Quantas Singapore Lounge,Kids World,"Indonesian, F, less35yrs"
Quantas Singapore Lounge,Bengawan Solo,"Indonesian, F, less35yrs"
Quantas Singapore Lounge,Bengawan Solo,"Indonesian, F, less35yrs"
Quantas Singapore Lounge,The Coffee Bean & Tea Leaf,"Indonesian, F, less35yrs"
Quantas Singapore Lounge,Kipling,"Indonesian, F, less35yrs"
Sushi Burrito,Cactus Garden,"Indonesian, F, less35yrs"
Sushi Burrito,Cactus Garden,"Indonesian, F, less35yrs"
Sushi Burrito,Sky View Lounge,"Indonesian, F, less35yrs"
Sushi Burrito,Kipling,"Indonesian, F, less35yrs"
Bengawan Solo,Kipling,"Indonesian, F, less35yrs"
Bengawan Solo,Kipling,"Indonesian, F, less35yrs"
Bengawan Solo,Shilla Cosmetics,"Indonesian, F, less35yrs"
Kipling,The Coffee Bean & Tea Leaf,"Indonesian, F, less35yrs"
Kipling,Kids World,"Indonesian, F, less35yrs"
Kipling,Kids World,"Indonesian, F, less35yrs"
Kids World,Kipling,"Indonesian, F, less35yrs"
Kids World,Kipling,"Indonesian, F, less35yrs"
Kids World,Sky View Lounge,"Indonesian, F, less35yrs"
Shilla Cosmetics,Cactus Garden,"Indonesian, F, less35yrs"
Shilla Cosmetics,Kids World,"Indonesian, F, less35yrs"
Shilla Cosmetics,Kids World,"Indonesian, F, less35yrs"
Cactus Garden,Shilla Cosmetics,"Indonesian, F, less35yrs"
Cactus Garden,Shilla Cosmetics,"Indonesian, F, less35yrs"
Cactus Garden,Kids World,"Indonesian, F, less35yrs"
Sky View Lounge,Bengawan Solo,"Indonesian, F, less35yrs"
Sky View Lounge,Bengawan Solo,"Indonesian, F, less35yrs"
Sky View Lounge,Shilla Cosmetics,"Indonesian, F, less35yrs"
The Coffee Bean & Tea Leaf,Sushi Burrito,"Indonesian, F, less35yrs"
The Coffee Bean & Tea Leaf,Sushi Burrito,"Indonesian, F, less35yrs"
The Coffee Bean & Tea Leaf,Shilla Cosmetics,"Indonesian, F, less35yrs"
Cactus Garden,Bengawan Solo,"Indonesian, F, more64yrs"
Cactus Garden,Bengawan Solo,"Indonesian, F, more64yrs"
Cactus Garden,Discover Singapore,"Indonesian, F, more64yrs"
Cactus Garden,Pacific Coffee Company,"Indonesian, F, more64yrs"
Cactus Garden,Pacific Coffee Company,"Indonesian, F, more64yrs"
Cactus Garden,Wang Café,"Indonesian, F, more64yrs"
Cactus Garden,DFS Duty Free,"Indonesian, F, more64yrs"
Bengawan Solo,Swimming Pool,"Indonesian, F, more64yrs"
Bengawan Solo,Swimming Pool,"Indonesian, F, more64yrs"
Bengawan Solo,Plaza Premium Lounge,"Indonesian, F, more64yrs"
Bengawan Solo,DFS Duty Free,"Indonesian, F, more64yrs"
Pacific Coffee Company,DFS Duty Free,"Indonesian, F, more64yrs"
Pacific Coffee Company,DFS Duty Free,"Indonesian, F, more64yrs"
Pacific Coffee Company,Guardian ,"Indonesian, F, more64yrs"
DFS Duty Free,Wang Café,"Indonesian, F, more64yrs"
DFS Duty Free,Discover Singapore,"Indonesian, F, more64yrs"
DFS Duty Free,Discover Singapore,"Indonesian, F, more64yrs"
Discover Singapore,DFS Duty Free,"Indonesian, F, more64yrs"
Discover Singapore,DFS Duty Free,"Indonesian, F, more64yrs"
Discover Singapore,Plaza Premium Lounge,"Indonesian, F, more64yrs"
Guardian ,Swimming Pool,"Indonesian, F, more64yrs"
Guardian ,Discover Singapore,"Indonesian, F, more64yrs"
Guardian ,Discover Singapore,"Indonesian, F, more64yrs"
Swimming Pool,Guardian ,"Indonesian, F, more64yrs"
Swimming Pool,Guardian ,"Indonesian, F, more64yrs"
Swimming Pool,Discover Singapore,"Indonesian, F, more64yrs"
Plaza Premium Lounge,Pacific Coffee Company,"Indonesian, F, more64yrs"
Plaza Premium Lounge,Pacific Coffee Company,"Indonesian, F, more64yrs"
Plaza Premium Lounge,Guardian ,"Indonesian, F, more64yrs"
Wang Café,Bengawan Solo,"Indonesian, F, more64yrs"
Wang Café,Bengawan Solo,"Indonesian, F, more64yrs"
Wang Café,Guardian ,"Indonesian, F, more64yrs"
Relay,Montblanc,"Indonesian, M, 35-64yrs"
Relay,Montblanc,"Indonesian, M, 35-64yrs"
Relay,Discover Singapore,"Indonesian, M, 35-64yrs"
Relay,Food Gallery,"Indonesian, M, 35-64yrs"
Relay,Food Gallery,"Indonesian, M, 35-64yrs"
Relay,Food Gallery,"Indonesian, M, 35-64yrs"
Relay,Swimming Pool,"Indonesian, M, 35-64yrs"
Relay,Swimming Pool,"Indonesian, M, 35-64yrs"
Montblanc,Swimming Pool,"Indonesian, M, 35-64yrs"
Montblanc,Sky View Lounge,"Indonesian, M, 35-64yrs"
Montblanc,Sky View Lounge,"Indonesian, M, 35-64yrs"
Montblanc,Food Gallery,"Indonesian, M, 35-64yrs"
Discover Singapore,The Coffee Bean & Tea Leaf,"Indonesian, M, 35-64yrs"
Discover Singapore,The Coffee Bean & Tea Leaf,"Indonesian, M, 35-64yrs"
Discover Singapore,Plaza Premium Lounge,"Indonesian, M, 35-64yrs"
Food Gallery,Plaza Premium Lounge,"Indonesian, M, 35-64yrs"
Food Gallery,Sky View Lounge,"Indonesian, M, 35-64yrs"
Food Gallery,Sky View Lounge,"Indonesian, M, 35-64yrs"
Swimming Pool,Bengawan Solo,"Indonesian, M, 35-64yrs"
Swimming Pool,Bengawan Solo,"Indonesian, M, 35-64yrs"
Swimming Pool,Bengawan Solo,"Indonesian, M, 35-64yrs"
Swimming Pool,The Coffee Bean & Tea Leaf,"Indonesian, M, 35-64yrs"
Swimming Pool,Discover Singapore,"Indonesian, M, 35-64yrs"
Sky View Lounge,Food Gallery,"Indonesian, M, 35-64yrs"
Sky View Lounge,Food Gallery,"Indonesian, M, 35-64yrs"
Sky View Lounge,Plaza Premium Lounge,"Indonesian, M, 35-64yrs"
Sky View Lounge,Plaza Premium Lounge,"Indonesian, M, 35-64yrs"
Plaza Premium Lounge,Bengawan Solo,"Indonesian, M, 35-64yrs"
Plaza Premium Lounge,Bengawan Solo,"Indonesian, M, 35-64yrs"
Plaza Premium Lounge,The Coffee Bean & Tea Leaf,"Indonesian, M, 35-64yrs"
Bengawan Solo,Food Gallery,"Indonesian, M, 35-64yrs"
Bengawan Solo,Relay,"Indonesian, M, 35-64yrs"
Bengawan Solo,Relay,"Indonesian, M, 35-64yrs"
The Coffee Bean & Tea Leaf,Relay,"Indonesian, M, 35-64yrs"
The Coffee Bean & Tea Leaf,Swimming Pool,"Indonesian, M, 35-64yrs"
The Coffee Bean & Tea Leaf,Swimming Pool,"Indonesian, M, 35-64yrs"
Bengawan Solo,SATS Premier Lounge,"Indonesian, M, more64yrs"
Bengawan Solo,SATS Premier Lounge,"Indonesian, M, more64yrs"
Bengawan Solo,Wang Café,"Indonesian, M, more64yrs"
Bengawan Solo,Guardian ,"Indonesian, M, more64yrs"
Bengawan Solo,Guardian ,"Indonesian, M, more64yrs"
Bengawan Solo,Guardian ,"Indonesian, M, more64yrs"
Bengawan Solo,Guardian ,"Indonesian, M, more64yrs"
Bengawan Solo,Sunglass Hut,"Indonesian, M, more64yrs"
Guardian ,Sky View Lounge,"Indonesian, M, more64yrs"
Guardian ,Sky View Lounge,"Indonesian, M, more64yrs"
Guardian ,Sky View Lounge,"Indonesian, M, more64yrs"
Guardian ,DFS Duty Free,"Indonesian, M, more64yrs"
Wang Café,Guardian ,"Indonesian, M, more64yrs"
Wang Café,Guardian ,"Indonesian, M, more64yrs"
Wang Café,Sky View Lounge,"Indonesian, M, more64yrs"
SATS Premier Lounge,Plaza Premium Lounge,"Indonesian, M, more64yrs"
SATS Premier Lounge,Plaza Premium Lounge,"Indonesian, M, more64yrs"
SATS Premier Lounge,Pacific Coffee Company,"Indonesian, M, more64yrs"
Sunglass Hut,Sky View Lounge,"Indonesian, M, more64yrs"
Sunglass Hut,Sky View Lounge,"Indonesian, M, more64yrs"
Sunglass Hut,DFS Duty Free,"Indonesian, M, more64yrs"
DFS Duty Free,Plaza Premium Lounge,"Indonesian, M, more64yrs"
DFS Duty Free,Plaza Premium Lounge,"Indonesian, M, more64yrs"
DFS Duty Free,Pacific Coffee Company,"Indonesian, M, more64yrs"
Sky View Lounge,DFS Duty Free,"Indonesian, M, more64yrs"
Sky View Lounge,DFS Duty Free,"Indonesian, M, more64yrs"
Sky View Lounge,Sunglass Hut,"Indonesian, M, more64yrs"
Sky View Lounge,Pacific Coffee Company,"Indonesian, M, more64yrs"
Plaza Premium Lounge,Pacific Coffee Company,"Indonesian, M, more64yrs"
Plaza Premium Lounge,Sky View Lounge,"Indonesian, M, more64yrs"
Plaza Premium Lounge,Sky View Lounge,"Indonesian, M, more64yrs"
Pacific Coffee Company,Wang Café,"Indonesian, M, more64yrs"
Pacific Coffee Company,Wang Café,"Indonesian, M, more64yrs"
Pacific Coffee Company,Sunglass Hut,"Indonesian, M, more64yrs"
Quantas Singapore Lounge,Plaza Premium Lounge,"Indonesian, F, 35-64yrs"
Quantas Singapore Lounge,Plaza Premium Lounge,"Indonesian, F, 35-64yrs"
Quantas Singapore Lounge,Plaza Premium Lounge,"Indonesian, F, 35-64yrs"
Quantas Singapore Lounge,SATS Premier Lounge,"Indonesian, F, 35-64yrs"
Quantas Singapore Lounge,Discover Singapore,"Indonesian, F, 35-64yrs"
Quantas Singapore Lounge,Discover Singapore,"Indonesian, F, 35-64yrs"
Quantas Singapore Lounge,Killney Kopitiam,"Indonesian, F, 35-64yrs"
Quantas Singapore Lounge,Relay,"Indonesian, F, 35-64yrs"
SATS Premier Lounge,Food Gallery,"Indonesian, F, 35-64yrs"
SATS Premier Lounge,Food Gallery,"Indonesian, F, 35-64yrs"
SATS Premier Lounge,Montblanc,"Indonesian, F, 35-64yrs"
Plaza Premium Lounge,Food Gallery,"Indonesian, F, 35-64yrs"
Plaza Premium Lounge,The Green Market Express,"Indonesian, F, 35-64yrs"
Plaza Premium Lounge,The Green Market Express,"Indonesian, F, 35-64yrs"
Plaza Premium Lounge,Montblanc,"Indonesian, F, 35-64yrs"
Discover Singapore,Food Gallery,"Indonesian, F, 35-64yrs"
Discover Singapore,Food Gallery,"Indonesian, F, 35-64yrs"
Discover Singapore,Killney Kopitiam,"Indonesian, F, 35-64yrs"
Relay,Discover Singapore,"Indonesian, F, 35-64yrs"
Relay,Discover Singapore,"Indonesian, F, 35-64yrs"
Relay,The Green Market Express,"Indonesian, F, 35-64yrs"
Montblanc,Discover Singapore,"Indonesian, F, 35-64yrs"
Montblanc,Discover Singapore,"Indonesian, F, 35-64yrs"
Montblanc,Food Gallery,"Indonesian, F, 35-64yrs"
Killney Kopitiam,Food Gallery,"Indonesian, F, 35-64yrs"
Killney Kopitiam,Relay,"Indonesian, F, 35-64yrs"
Killney Kopitiam,Relay,"Indonesian, F, 35-64yrs"
Food Gallery,Discover Singapore,"Indonesian, F, 35-64yrs"
Food Gallery,Discover Singapore,"Indonesian, F, 35-64yrs"
Food Gallery,The Green Market Express,"Indonesian, F, 35-64yrs"
Food Gallery,Relay,"Indonesian, F, 35-64yrs"
The Green Market Express,Montblanc,"Indonesian, F, 35-64yrs"
The Green Market Express,SATS Premier Lounge,"Indonesian, F, 35-64yrs"
The Green Market Express,SATS Premier Lounge,"Indonesian, F, 35-64yrs"
